comment,sentiment
"Awan maawatan nga lyrics , napigsa unay ti instrument .",Negative
Inter barangay Kuma,Negative
Grabe na sobrang hirap....,Negative
Game!,Positive
Our bereaved condolences to the family and may he Rest In Peace,Positive
Amen,Positive
"Commenting for Transparency of cash donations:
[As of 11:49 am November 14]
200.00 from KBWak
300.00 from ZB",Neutral
Kervin agawid tayun,Neutral
Aixcl Aira Kristel Se baka lng mt hahHaha,Neutral
Football kuma haha request,Neutral
Application form:,Neutral
Next batch:),Neutral
E live you apo ta ada maboya hehehe thanks,Neutral
Happy Blessed Birthday Sir/Ninong! God Bless you☺️,Positive
Congratulations!,Positive
"Angelica Lei Gangpao Soriano, la lang. Trip kita imention tol, kasi kwa bka naman",Neutral
Condolence! May God be your comfort!,Positive
Tnx po sa info..,Positive
Congratulations,Positive
Amen,Positive
karkaretek ti sk opisyal dita.. ilaban  u met a kakadwa u. si mumulagat dyta risk na nga kitkitan tayu,Negative
Joshua Luyaman Bucasan Pia Aniban Joksi congrats... Ma'am Amor Banasen Segundo,Positive
Buhayin.,Neutral
"Godbless the youth ,",Positive
Ag ala ka free ticket me Dave Clifford Dongayao hahah,Neutral
La Yad Juvbee parang familiar? lower year nung hs?,Neutral
Im so upset agpaBeckel akon!,Negative
"Nara Caniedo, join ta man.",Neutral
The Valley Dogs does it again  and unto the next assignment. Goodluck,Positive
Awan pay met gamin natilew.. Kas ano  ngay gamin  dayta.. Tiliwen  Pati Jay Aglaklako  gamin  koma,Neutral
Good.,Positive
Worth it ang kebkeb natin Ayan Kzy,Neutral
Norvelyn Gaki jowain nga kita,Neutral
Two thumbs up guys.,Positive
I love every word you said... Thank you for sharing your stand and your encouragement to always raise the level of discourse and to protest peacefully.,Positive
Our deepest condolence to the family... RIP sir,Positive
Ericka mapan k a,Neutral
Amen,Positive
"Congratulations, God Bless you.",Positive
Pubg mobile,Neutral
condolence,Positive
The youth are  the hope of the   country   thru  the guidance of  God ...,Positive
TRUE,Positive
"Deadline: September 21, 2018, 8AM
Reacting or liking period: 21-24
email address: aanaknishontog@gmail.com

Non-residents will be screened. 
Attach ID pictures.",Neutral
.who won?,Neutral
get into the river!,Neutral
condolence to the family may he rest in peace,Positive
When dyty?,Neutral
Cnu nangabak tuba vs sablan?,Neutral
Good Luck sa Lahat!,Positive
Condolence,Positive
Clint Bahod Clint Palitog Bahod coz baka kayat mo makisali,Neutral
"As a responsible Filipino citizen..exercising your right to vote is not a shame...it's your priviledge adi...you should be proud of it, :-)",Neutral
Gogogo La Trinidad Team  for gold. Goodluck guys.,Positive
O ayan. Naligo na ko.,Neutral
Goodboy atoi man,Positive
"condolence po,",Positive
"Please open the link and cast your votes! Thank u! 
Let's support our Ms. And Mr. La Trinidad
https://pageantvote.ph/pageants/1262/contestants/12464?fbclid=IwAR3r4Q0LQ-IZRrQvLYne4quYvC1I9Bw95LCW_xLkzeFmwQ-8DKZ-OBLotY8",Neutral
"Correct dayta computation u...actually awan dta jay SSS,   Pag-ibig ken Philhealth...",Neutral
"Hazel Ang Di ate ohh, grabe piman jay tambak mo",Neutral
Congrats,Positive
Nice one,Positive
Condolence to the bereaved family. RIP apo congressman!,Positive
"congrats to all of you appo mi nga mangi turturong
..",Positive
Congratulations,Positive
Kieffer Lebeng sarrey senpai  jk jk,Neutral
Joh Reh Lhyn naks naman!! Fighting!!,Positive
Congrats engr. Jim M. Macadaeg and engr. Dhenmar Badival,Positive
yay,Negative
Aykent Maya haha,Neutral
Alleluiah Amen,Positive
Congratulations Majoy Mek-eng Umoquit,Positive
wow ha nauneg ...,Positive
Febirose anuna sizt,Neutral
Marj Caligtan dba may  na compose ka. Go na kau ng mga YPs ;),Neutral
Sorry kung na tag ko yung iba multiple times. Mano manong type kasi hehe thank you all. God bless,Neutral
legit ba to?? or hanggang post lang uliit??,Neutral
Nice one.. Dandrave Harder,Positive
"Codolence, to the family,,,",Positive
Congratulations ❤❤❤,Positive
Nabirukan en..,Neutral
Inter~barangay?,Negative
Dianna Kipas Mardel Kipas,Neutral
Naman...,Neutral
"Please check the date for the deadline of submission... ""2019"" po yung nakaindicate sa poster...",Neutral
Danice Muñoz penge sardinas,Neutral
You are in my prayers donnabells,Neutral
Bernalyn Meriño Marafina Hahah babae sk chairman diba,Neutral
Je je mayt kymn na ya ta man compute tak kud abe...,Neutral
"GOD BLESS EVERYONE,  BE SAFE...",Positive
is this applicable po ba in baguio area?,Neutral
Condolence po to the family..,Positive
kahit pang kape lang.haha .kaya kahit maging audience aq Don Dimache RhioMah Gacusan Derek Nards Dongpoen isama nio na vocal Mark Christian Berango Dimaano ✊,Neutral
may payment po Ba???,Neutral
Catherine May Leyson sana meron din sa Baguio haha,Neutral
"To clear matters, please read order of priority. Para hindi po matabunan ang inbox and comments section. Maraming salamat po!",Neutral
papicture naman oh Irish Sano-an,Neutral
Ayy walang vball men,Negative
Rainier inkan,Neutral
Huhuhuhu.  I WANT,Neutral
"One of our co School mate in Saint Therese School of Tomay Back Then Gasem That Congrats Ading 
Kitan yu sir and maam student yu metlang  idi jay STS Theodore Dicos  Janice G. CanutoJanice G. Canuto Samuel Diaresco Theresians Tomay",Positive
Great CONGRATULATIONS!!!,Positive
"Insan Jayson Perez, Narciso Tello Cayat II, Moriel Cayabyab game?",Neutral
PUBG not PUBG MOBILE,Neutral
job well done winners!,Positive
"SPJ 8, let us support kuya Vlad's entry... Claire Peredo Angellie Kate Curameng Kc Dosdos... pakitag ung iba...",Neutral
"As of 7 -7:30 am, no checkpoint along Bell Church... 
Be consistent please..",Neutral
Balili Bae ka talaga Apoli!,Neutral
"du la angot d awan t dayo han nga kasta karugit baguio 
han u lang gmn ammo agbasura or agiawid basura u uray adu basuraan nu han da ammo agbasura han u man itulad t manila t baguio",Negative
"P
Amen",Positive
Wew congrats Kyle Mendoza,Positive
congratulations!,Positive
"Yes, kainan!
Hehehe",Positive
Valred Olsim panayon mo ken uncle Silver dyta 1st prize tapno agdoble hehehe tapno naer-erteng ti competition...,Neutral
Amen..prayers with you..Godbless us all,Positive
Jiban Caligtan dytoy man,Neutral
"hoy Daisymarie Pacalso II hahaha sukatam dyta ""edi sa puso mo"" hahahah",Neutral
Congrats to all of u!!,Positive
Wow! Congratulations,Positive
Congratulations,Positive
Pa shout out counsi next live,Neutral
Jasmin Narciso dumayo kat hahahaha,Neutral
"Apay pabasulen u iman amin nga turista, hanak nga turista taga baguio ak ngem apay pulos nu datayo mismo ket haan tayo nga agconsume piman ti makan nga adda ukis na?? Haan yo pabasulen isuda, kitan u met  nakaabasura jay igid ti basuraan ngem gamin agluplupyas ta napunno en, pangkabilan da ngay kuma basura da?? Dakayo met karo u lng ibabain ti pada u gapu ta nairot panagpanpanunot u, ay apow.",Negative
Jandel G. Umba inkan ahh.,Neutral
"Very truly said! We stand by the truth.! Cooperativism is the way where we observe  the true spirit of democracy and not the ulterior desire of very few people only! As aptly said: TRUE POWER RESIDES IN THE PEOPLE! VOX POPULI, VOX DEI!",Positive
Jho Na Jeanyy Grey join taun,Neutral
Omo!,Neutral
Good job sheryl!,Positive
Clint Joshua Charisse Jersey Guzman Ef Ef Reym tawagin na ang the anthem band,Neutral
Aynako bastos walang desiplin,Negative
RIP,Negative
Johna Kimberly Baka naman.,Neutral
Hindi po ba maimomove lng sa ibang date or month po?,Neutral
Thank you ma'am.,Positive
wah apay piman nga kasta kayo tinambakan yo met  piman unay,Neutral
Yung cake ah manong Apoli Aspiras Bagano Jr. Ibabash kita pag wala hahahaha,Neutral
Congratulations,Positive
"ay shaks haha Kasser , VOnkleft intau intau",Neutral
Gràbe dageta. Makita da kuma dayta ta medju agbain da met. Grabe ... awan panunot na dayta nga tao,Negative
"people nowadays , respeto naman !",Negative
Never has d SK La Trinidad  been more active !!!! Kudos!!!,Positive
Jason Aronoel W. Danglipen kayam dytan,Neutral
Eyyy congrats Joey Clint A. Latogan,Positive
Congratulations,Positive
May age limit po ba sir?,Neutral
Any updates Po?,Neutral
"Charmie Mayao Ngan-oy Od Den Dawn Arlaine , comes na kau haha",Neutral
beauty queen.. :) so gorgeous..:) <3,Positive
Eh di sana patas naman po sa pag assess. Mamaya hanapan nio p ng solo parent ID yung mga single parent na hindi nakapagregister ng ID noon. Kasi busy sila sa doble kayod nila. Tapos ang mangyayari eh hindi nio rin pla bibigyan kesyo wala sa census. Nakakasawa na po magmakaawa sa gobyerno. Dahil lalo lng nakakagutom ang umasa sa mga pangako at pagsunod sa rules. Nagstay at home kami pero wala naman naghouse to house para icheck mga residente tapos malalaman namin na may pinilahan sa may central road na reliefs para sa piling constituents tapos malalaman namin na ung may kaya nabigyan. Pakiayos naman po. Wag naman sana puro kakilala at kamag anak.,Negative
Oh ! Malinis na,Neutral
Congratulations Mary Grace Carpio,Positive
Congrats,Positive
Congratulations!!to all of you.god bless,Positive
Rest in peace action man,Positive
Congrats balili ❤️,Positive
Until wat time po?,Neutral
Haha nagbassit jay basuraan,Negative
Amen,Positive
Gwapogi a.. Mukha palang panalo ka na brad,Positive
Ashlan Bongloy ayabam kakadwa. Supporta tayo,Neutral
wow silver!!!!!!! congratulations!!!:-),Positive
wen garud kasla nu mabalen ket haan nga kitaen ti mata haan mo ammo ti riknaem nga adda nakalubog nga pada nga tao ...........ngem anya ngay we can't help but only to pray for their eternal soul to have rest n peace........ amen,Positive
Well said ❤️,Positive
"Go,go,go kakailian ja Taga Bokod & La Trinidad.Give your best shoot.",Positive
We'll support u all the way Rayguil Palitayan,Positive
Amen.,Positive
Jan Uel Lily May Aguinaldo daytoi jai ibagbagak hahaha,Neutral
amen,Positive
"As of 5:22 PM 11/14
We have PhP 14, 367.00",Neutral
Congratulations kakabsat nga nauurat .. Go for Great ^^,Positive
Mya Dione Inso Pawid go Balili Cignal HD Spikers,Positive
Use data to see photo what game is it ?,Neutral
Amen,Positive
Elijah Yagyagen ayieet,Neutral
condolence po..,Positive
"YOUTH ...are the voice and hope of the future..everyone of us who are now seniors were once like them..and we had our own acid test at different angles or situation big or small,sensational or not. Popular or unpopular events which we eventually won ..otherwise we will not be here guiding the youths of today..More power!..let your voice be heard!!",Neutral
Hello po..ano po dapat naming gawin para makauwi.. we have a relative in Bakun that can come in fetch us here po.. ano po needed so our cousin can come and so we can be allowed to go home? We are not students po but employees na nadisrupt ang trabaho dahil sa covid and our stock po ay di kasya until quarantine is over..Pa advise po..Salamat,Neutral
Congratulations,Positive
Congrats!!!,Positive
wada ticket?,Neutral
"Denne Gene Domanog Mamsh , Join na",Neutral
Mabalin po taga-Betag? Haha. Joke.,Neutral
Congrats.Godbless,Positive
"Nice shots, Ken Jake!",Positive
"Haiz, ayaw intindihin yung caption. Bahala nga kayo dyan.",Negative
Amen,Positive
Congratulations Apoli Jr and to all SK!,Positive
"God's will, Daddy John Botiwey. ❤ Congratulations to all who made it!",Positive
Congrats to all,Positive
"Commenting for Transparency of cash donations:
[As of 11:49 am November 14]
200.00 from KBWak
300.00 from ZB",Neutral
Mae Rizzie mayat hahaha,Positive
Ada gayam inter municipal en,Neutral
Mano??,Neutral
Barangay Cruz. Mano tawen en nga awan activities ti Youths da,Negative
Mag dala rin kayo sa Cagayan..,Neutral
"Proud,mama here..Love you Zaret",Positive
Amen,Positive
Congrats!!!!! Manong Marvin Pocyoy and manong Rembrándt Jhon Salvador Bernal !!!!!!,Positive
Grace Lemya-en Abidal Aprille Gleah Megan Tiago Tagle CharZiey Bacquian Camarao taaaag tayo dgijay adings tayo jay kings. Para nu august ☝️☝️,Neutral
Thinking of ang praying for the North.,Positive
"guyssss, naunaaa ako",Neutral
Dad Alfred Buanzi Mangapan,Neutral
"Rana Celino good old days, may papanoorin na ulit tayooo mwahahhaa",Neutral
Congrats Sir Silver..,Positive
2nd batch en idjy sabali..,Neutral
legit ba or hanggang post lang uliit???,Neutral
Sana dto din po sa amin wla pa po kaming ntatanggap...dto po sa may boy scout wla pa po pmupunta dtotatanggapin po namin kung ano ang kaya nyong ibgay ang mhalaga po mtulungan nyo kme..slamat po..,Negative
Representing Pogiing Alapang hehe Clarence Morales banat! Pards,Positive
"Handrei Ajinomoto wag tol, parating na yung mga triangulo, baka magalit sila",Neutral
Yan ang galit ng kalikasan,Negative
"Barangay Poblacion
*Buyagan Elementary School - August 08 - August 19
*La Trinidad Central School - August 01 - August 12",Neutral
"Kasanu mt ngy dagijay makipor2diya nga na stranded?? Awan t kanen min santo da py lang pilien t ikkan da t relief goods , ay awan ah.",Negative
Maria Diana Delda Mahillom ito oh ate paregister kana,Neutral
"Silver Abag Pilo Galing! 
Tway hard copy nyay?",Positive
"Please tag your friends and for questions, feel free to message us! Thank you!",Neutral
"13 days to go

1st Photography Contest in our Barangay:
-OPEN CATEGORY_
Mechanics and Criteria:
1. First 15 participants will be entertained and to exhibit one(1) photo taken on (October 6, 2018)-Orientation@ Barangay Alapang Hall/Office(1-2 slots)/representative/s per school @ 8am.
2. Participants must register and report at the designated briefing room 1 hour before the departure to the destination(the destination refers to the venue where the participants will take pictures)
3. The photo must be raw, unedited and in full color, glossy mate is allowed.
6. The photo must be relevant to the theme. Theme: Alapang at its Finest: The Hidden Views of Brgy. Alapang
7. The photographer must write a brief and concise caption of the picture 
8. Participants should be at the meeting place/venue-30 minutes before the competition proper. **LATE participants/competitors mean DISQUALIFICATION from the competition.
October 6,2018/Orientation/Briefing 8:00am,
Picture Taking 8:30am-4:45pm, Submission of the output (FLASHDRIVE/USB ONLY).-5:00pm
9. The registration fee is one hundred pesos (PHP 100.00) which will cover (1) snack, certificate of attendance, printing of your photo.
Criteria: 
PHOTO “FIT” AND RELEVANCE TO CATEGORY - 20 pts 
(the photo meets the criteria of the category)
COMPOSITION - 20 pts 
(focus is well presented in the photo)
CREATIVITY - 20 pts 
(the photo in focus, lighting in balance/depth of field considered/used/shutter speed varied or adjusted to be appropriate for the photo)
OVER-ALL IMPRESSION - 20 pts 
(the photo should able to grab the viewer’s attention and hold its ”WOW” factor or special effects)
TOTAL POINTS = 100 PTS

1st Place
2nd Place
3rd Place
***With CASH Prize +certificate of Recognition
PLS. PM ME ASAP!!!!",Neutral
congratulations!,Positive
Annie C. Langpawen Lay Nee Grace Annaway ehemm ala pusoan u en ta hankayo bauten,Neutral
Pres Salipio Bagangan kaano ka agawid? Hahaha,Neutral
talaga n idol Dickerson Laruan..,Neutral
"Who shall lead the Romans, should it be the Americans? Be careful what you say, it could lead to 3 more years of hell.",Neutral
Jámes,Neutral
"we pilipinos lack discipline,one is not only spitting,even urinate on walls like dogs ,go to other countries they don't just spit n urinate on walls or any place,only in the pilipins so sad whoever spit on that newly painted frontage shows no discipline at alk.",Negative
Nag simula na po ba,Neutral
Ghene Asiaben Luisito,Neutral
Yiieee support support ❤,Positive
Majoy Mek-eng Umoquit bb ohhhhhhh,Neutral
Roland Goron ohh nalawa met stage gayam,Neutral
congratulations!,Positive
"Rest in Peace congressman Fongwan, Condolence to the family.",Positive
Apoli Aspiras Bagano Jr. Pahingi tickets,Neutral
Amen,Positive
Congrats to all,Positive
Condolence po,Positive
Dan Kuengan Lorjane G. Aludos Nicole Calsie Donatillo Jy team Central Balili,Neutral
Will all the participants receive a certificate of participation po?,Neutral
Nakaka Tebteb my Heart meyt ♥,Positive
Wow! Travelling is the highest See to it that u travel with learning experiences and learnings should be adoptable and implemented to your community as well,Positive
Iskatii Kitab... go panindigan mu adi.,Neutral
Me please    thanks.,Neutral
mabuhay po kau... next will be our sports program... where athletes excels.. .and better chances tonnational.and international events...,Positive
Congratulations for this program. It will indeed encourage more young people to excel.,Positive
Condolence to his family,Positive
All youth and young at heart of La Trinidad are all invited to come. Thank you SK La Trinidad for the invite. :),Positive
Cs go,Neutral
Paul Comila kasanu tayu mt ngata,Neutral
Inkan Orlando Gansuen pa register ta isu ka pay botos ko in case agtaray  nga kapitan ni Ruben Gansuen Eclipse dita tawang. Heheeh,Neutral
condolence po to the family.rip sir.,Positive
Congrats po!,Positive
Congrats to the Winners po ....Godbless :) ;) :),Positive
Congratulations,Positive
Amen,Positive
Joshua Luyaman Bucasan Cliffe Tyrrel Diaus Sinong Pia Aniban Joksi,Neutral
"Tree growing, finally =D",Positive
Praying for them all,Positive
"Di ko na sila itatag , too many to mention ,pero heto ang isang malakas na bagsak

keep safe mga SK's",Neutral
Deadline po ?,Neutral
Congratulations,Positive
Condolence to the family,Positive
Ken JakeSanas planom iski? Hehe,Neutral
Kai Martin u should check this,Neutral
Llevenaj Carbonel ag join kaun.,Neutral
"Sadly ,Our sincere Condolences to the bereaved family,May his soul rest in peace with our Lord",Positive
Kaylan din kaya magkaka parade ang UC  Iverson Mendiola Nams Namz Nams Alyssa Yda Charles Menos Kurt Mastino,Neutral
God bless Philippines. Ayna mabalin nga pag donate an?,Positive
"Please enlist your names by sending us a message with the Name of the Participant, Age, School, and Barangay. Enlisting ensures the quality of our program. Thank you.",Neutral
"Congratulations servant iti municipyo ti LaTrinidad 
Answered prayer Sir Councilor JJohn Botiwey",Positive
May invited na po bang cultural groups?  or open to all yung magprepresent ?,Neutral
Thank you everyone ♥️,Positive
Congratulations!,Positive
Lhady Mae inta agbuya,Neutral
may basorero nga dito sa baguio pero kailngan separate naman ung nabubulok sa nd tuwing nagtatapon ako ng pinagkainan ko tas kahit may kunti boto boto tinitignan ko sign ko bio or nd pag tingin ko sa bio madmi naman non bio,Negative
THANKFUL FOR THE INFORMATION.  BLESSED MONDAY MORNING. GOD BLESS EVERYONE.,Positive
ayehhhh... this is soooo sad.....,Negative
"Ada kuma linteg nga maiparit ti agtupra ladtan ti momma ti kumporme, no nalaing da agngalngal, nalaing da kuma met no enya dapat pa gi tupraan da...kaararyek nga kitkitaen...",Negative
"its beautiful....
nature takes a break....
balik fresh air na....",Neutral
Ay hanpy nalpas?,Neutral
"If I may ask, what article did you read?",Neutral
"In behalf of the SIGMA KAPPA PI FRATERNITY, I would like to extend our gratitude for accomodating us. :-)",Positive
Thank you Mr and Miss La Trinidad!,Positive
Nakakapunyetang mga bisita moh...,Negative
Hahaha perfect!,Positive
Nice one! More to come,Positive
Our deepest condolences to the whole family..,Positive
"Ammom usto usto ti ayan mo nga Barangay.
""Apay met?""
Sika gamin ti betag ko. 
Ge Lyn Alfonso, Yvonny Pesase support mga ka-Barangay!

Sao ka nga sao. Taga La Trinidad ka man enya? Particularly idjay..
Wangal - wangalawngaw.",Neutral
SSD sir hahahahah,Neutral
Ewww..asis,Negative
Edi awan kasta samano lang...,Negative
Thumbs up for this!,Positive
Rodz Deanz mkipagpalitan ka na ng sched sir hehe para sali tau,Neutral
congratz Kyle Mendoza,Positive
Goodluck and be safe ya'll,Positive
Agpayso dayta kabsat.,Neutral
"Bhevs Padilla ntan ahh, tacadang tupay nalpas tau, dytoi pai ngata wahahah
Inmachog Cayachen baka kayat mo met",Neutral
awanan utak ken puso,Negative
"Congratulations young man and also to the very proud parents, kudos to you",Positive
lodi. .fan of yours here. .,Positive
Pwede...m,Neutral
Amen,Positive
waiting,Neutral
"Zaparita, Ahm, Rembràndt, Marvin mga parekoy! ##epaLakya! XD",Neutral
Rod Edison Buya Bel Son Estepa Garcia Inkayun. Haha,Neutral
Such a shame  we would never want any tourist in our city if they can’t even learn to take care of it,Negative
Wyller Acs potangina mo wala ka nanamang baon,Negative
"Indeed, 
It doesn't start with the SK but with the K's 
Kabataan",Neutral
"thank you, we received ours, Bahong Barangay.",Positive
Zekbig Eerycen pafoods kan ah.,Neutral
Apoli what to prepare and bring?,Neutral
Nice,Positive
Congratulations,Positive
#responsibletourism is what we all want ❤,Neutral
Di ka pa ba nasanay. Maraming Filipino ang feeling entitled,Neutral
Mas scary,Negative
"CORRECTION: DEADLINE IS THIS FRIDAY SEPTEMBER 23, 2022.",Neutral
Congrats Jones Llabres Inso,Neutral
Pwede taga Baguio?,Neutral
truew..mayat nu ada signages nga agaw pansin  :) ...,Neutral
Baka may recommend ka bro rex Rex Villena Daog,Neutral
Amen to that.,Positive
Dito din sa Amin Walang ganyan.,Neutral
Congratulations,Positive
CONGRATULATIONS...MATAGO-TAGO TAKO AM-IN AY TAGA LA TRINIDAD..,Positive
Tapos na po ba voting online?,Neutral
wen garod kayat mi mt nga agawid ta awn mt ti pagpordiya an py hehe kt awn mt ti relief mi nga eted da,Neutral
Vice City,Neutral
Karmela Raven Iglesias asan ka jan? HAHA.,Neutral
Our prayers to all our brothers and sisters who are the victims of this calamity..May our Lord God embrace every families  and give them enough  courage in behalf of their losses..Amen,Positive
League of Legends bois,Neutral
Lee You sali ka na ~,Neutral
Krizia Louise Cho mag tag ka mga angkan mo dito sinasabe ko sayo,Neutral
Ros.pubg.lol.dota,Neutral
"Commenting for Transparency of cash donations:
[As of 11:41 am November 14]
Received 2,000.00 from Ms. KeroK
Received 500.00 from Ms. WyQ",Neutral
Sino sk brgy tawang?,Neutral
Condolence to the bereaved family,Positive
Mee plss ❤️,Neutral
koya ko yan!,Positive
Itogon Ngay ?,Neutral
ok!,Positive
deadline po?,Neutral
Ms. or Miss?,Neutral
Final date is August 4 and August 6. Assembly time is 5PM at the Municipal Gymnasium. See you there guys and invite your friends!,Neutral
up,Neutral
Congratulations Leslie Seymour,Positive
Condolence Po,Positive
"May makakapunta ba sa inyo dito? Hahahha... Vhienne Mae Quintin Bisco, Jared Morhyz Cadaweng, Jer Win II, Rhaizza Bugtong Balang, Lorie Mae Pacheco, Ervin Chamos II, etc... ? Hahahha...",Neutral
Condolences to the family salamat cn amin ai tulong,Positive
In the name of almighty god amen,Positive
"Maraming Salamat, Mark Anthony Yu Alvar!",Neutral
"Umayak no next  meeting yo...san ko dakayo naabutan, hehehw",Neutral
"Janine Balao wherever you are, I hope you're okay.",Neutral
pwde pa cp lcd ?,Neutral
good job SK LA TRINIDAD! thats the noble spirit! God bless always,Positive
RIP IN PEACE,Positive
"God bless, bro Kyle!",Positive
"So, Ma'am/Sir, mabalin ba nga masapa maoan dita barangay agala ti health declaration form nu bigat since 8-12 en ti schedule ti Ambiong po? Tapnu atleast ket masapa met makapan agpalengke ken ag-grocery ijy centro trinidad?",Neutral
Congratulations,Positive
Diciplina ang kailangan kadagita ag mommoma! Telmonen yo ta topra yo! Tet!,Negative
Ayna ngayen dagijay photos da?,Neutral
Go Ryan Pablo Milo... gesemm,Positive
Congratulations team La Trinidad defend the Land next conference mindset.Mantra,Positive
Congratulations sir Silver Abag Pilo,Positive
Ay sorry,Negative
Count me in pls.,Neutral
Jermil JalonCabuslay AlexBucasen Majhur KleintBaliwan waz dis ?,Neutral
where to post po?,Neutral
God Bless You a hundred fold...,Positive
Condolences_to the family .,Positive
amen..wht a heartbreaking,Positive
Nayvie Nalicao Carantes Mariel Bulawit itira yu paylang adi HAHA,Neutral
Ask q LNG po paano po kaming mga employee na nastranded dito po kami sa betag .gusto po SNA naming umuwi.,Neutral
"As of 7:47 pm, majority of the slots are still open! What are you waiting for? Register now! :)",Neutral
Nakas....,Positive
Bryx Zyryx Dang-ay  sumali kan haha ta haan lang nga pang mr. Baak,Neutral
"Ijay tayo nga makita nga iti students tayo ket haan nga bay-bay-an ti eskwelaan da, ti LGU, ken iti umili. Thank you LGU for expanding your relief (as per this post), but which of course you have been doing earlier on. Salamat po sa serbisyo!",Positive
Bryan Christopher baka ada dinagdagam iman sardinas na dita ading hehe,Neutral
God Bless this soldier...a display of heroism coupled with compassion for our innocent fellow filipinos ...,Positive
Nelvic pwede na rin for extra,Neutral
Pwede b Ang 11 yrs old,Neutral
Joelyn beks go na!,Neutral
Panalo ah!,Positive
❤️❤️done,Neutral
Claire dytuyen sa wakas.,Neutral
umai kau adih lawrence,Neutral
Done,Neutral
Indeed!,Neutral
sir syak en ahh hehe,Neutral
"Rest in peace classnate, condolences to the bereaved family...",Positive
So gorgeous...,Positive
dota or ros,Neutral
Julie Anne Juan Buclay-Beliano manang o paki sabi po Sa kapatid nyo Baka Meron,Neutral
Stephanie Ann beshy oh,Neutral
Mr &Ms Balili go go.  . . .,Neutral
"Hahaa ag lilinoko tayu talaga. Nu ilaban me j karbingan ti ""senior"" me .as statted dita ☝ ibga u manen apay han u kaya sustentuan? Kasj manen garud dyta Apektado amin met uray anya stado ti biag.
Bolok!
#phsucks

Relief for senior awan py. Palista paylng piman suda.handa kayan rumwar.
Kaaruba me ada ta intex tex ti amamo da agtra2baho barangay haha.oxang!
#nakitako 
#dilangtsismis",Negative
Condolence to the bereaved family..,Positive
Jason Brian bagikun jerseym grd haha,Neutral
Tag ko lang. Baka mabasa niya. Apoli,Neutral
bayan kong sinilangan,Positive
compose kan ading Joshua Cawatig Ubaldo,Neutral
hha :),Neutral
Hephzibah L. Ely Shannon Fatongkeg Shekinah Ruth Lawagan Don Alejandro Valdez.. join kayong apat ohh.. the rest will be cheering.. hehehe,Neutral
Anne Ramos goooo,Positive
Congrats congrats...,Positive
Condolence po,Positive
Congrats la trinidad team,Positive
"Ako lang nagcocomment haha wag po kayong mauma sa mga comment ko, I just love my co-youth being proactive  hail SK La Trinidad <3",Positive
Congratulations,Positive
Reese negative ata next week,Neutral
"Sakto taga dita kami Western, Buyagan Cowboys. See You Guys!. :D",Neutral
nya ngy naka decide kayun ? Raflesha Espessiosa Rodkendall K. Alos,Neutral
Praying for your country and for all those effected by this disaster,Positive
Nababagot nako. Mga tokis. Andaming tinag wala naman nagpost.,Negative
Devina Man-a Balan-eg amok kayat mo sumali. Haha,Neutral
thank you aanak..bless you all...,Positive
Awan babae sir? hihi,Neutral
Congrats po ☺,Positive
Open to all?,Neutral
Condolences to the bereaved family and the people of Benguet for a deep loss. May Eternal rest shine upon his soul,Positive
Chricius Laoyan Omedio Joanna Aliguyon,Neutral
Lay Dor balin pay..,Neutral
Amen,Positive
Yeah extremes,Neutral
hindi nyo kaya ang sablan practise more,Negative
Cige kayam dayta Cass andr,Neutral
Siyempre fake name po iyan. Wag na po ninyo isearch.,Negative
Congratulations,Positive
Congratulations,Positive
WORD,Neutral
Caughvan Luna Faustino bagay mo dtoy oh boi!!,Neutral
Ayna jy house to house ngy?? Pulos met,Neutral
"Health is people, without people there is no economy..",Neutral
Ever Ly Job well done! Deserving lahat ng nanalo.,Positive
Wow..anya place t bahong elem.school?,Positive
"ate Anne Lou, how's this?",Neutral
Nice,Positive
"Since college student ak (BSU 2011-2015) ingana tadta nga makiporpordiya ak ditoy La Trinidad 2017-Present nga magapo ak pay Baguio-- Traffffiic nga talagan. Ada malagip ko from the past administration nga kasta pamay-an da  awan ladta--hindi siya nagclick metlang. But here are some of my obserbasyon causing trafic: 1) Tiongsan La Trinidad--mabebek-kel ijay once nga nalampasam diyay mayat ngem--2) Kinmarkaro di ada traffic light jay KM 5, hihi 3.) Buwelta idtoy, buwelta idjay 3.) U-turn idtoy ken U-turn idjay 4.) Dadael ti nagmayatan nga kalsada--sukatan da kano during RAINY SEASON pay 5.) Binulan samet nga ispalto idtoy-ispalto idjay... 6) Kanal ditoy-kanal idjay--maintenance ti pagnaan ti water. 6.)Agdadamo nga traffic enforcers ken kwa...maratrattle da ya  7) ka-u-uray ti agpicture ijay nagsinagid nga motor ken taxi 8.) Talaga nga saan nga kaya jay kinalawa jay Kalsada ti kina ad-ado ti lugan. hihihi, may tuluyan yu hihi.   Ngem feeling ko pakarkarwen na lang dayta hihih, kadi.",Negative
Ano po ung age limit?,Neutral
I know one dito,Neutral
apy han u napan binuya dytoy? Prince Daniel,Neutral
"Jhustine Bag-ayan baka bken mo gasat ed bakun,  baka sna Trinidad gasat mo HEHEHEHE hahhahahahaha Mr. A bken Ms.  HAHAHHA",Neutral
Congrats sa inyong lahat...,Positive
Congratulations,Positive
Agasem man dayta Chairman na nga  Engr pa. Dhenmar Badival,Neutral
Ohh ispot basa em ni! Ag eskwelan kanu nga nasayaat! Kirby Eladjoe Charlie Danglay Gie L Frie,Neutral
"Dapat may pa price sa makakagawa ng pinamagandang hugot, meron pa shilan, tomay, alno, bayabas etc etc..",Neutral
How to join po?,Neutral
Ugandan knuckles,Neutral
Ert SevLys Bangao buo kaun ah,Neutral
"Ay wow, Kuya Arsenio and Kuya  Lito",Neutral
Amen!!,Positive
our prayers & condolences.,Positive
Camille Tomilas Wakit bagong project HAHAHAHAA,Neutral
Congrats both of you.,Positive
Condolence to the family..,Positive
Aerol Jovan Dugcio Marquez banatamun a bayaw,Neutral
We are proud of you,Positive
Karl Mico Alangui tara na haha,Neutral
Sir Apoli han kami ldta talaga mabalin sumali?,Neutral
Count me in po,Neutral
Myra Mae Estrada oh . Lablyf daw :),Neutral
Yay kababain awan gayam disiplina ti kaelyan sus aya embag ada dayta tapno malinis met a ti ayan tayo,Negative
Ask lng po paano pag may susundo sa amin from Nueva Ecija dito po kmi sa km5 La Trinidad? Paano po pwd gawin? May paraan Po b? Thanks po,Neutral
"Jayson Perez, SonnyNelson Soriano Campos. Hahaha!!! Kulang pa tayo.",Neutral
Miguel Jarrel Bas-ilen its your time to shine....,Neutral
When will people learn?,Negative
Love the introduction SK Bineng  pentas!,Positive
Happy birthday sir,Positive
Pampagood vibes lang mga friends ha? Wag na po tayo dumagdag sa mga negativity online. Orayt. Keep the positivity guys! Sa COVID muna tayo maging negative. :),Positive
condolence.... we cant say any word but its a big cry in the entire benguet,Positive
Amen,Positive
"Thanks sa observations kakabsat 
Theme: ...planetary health.
Deadline of submission: August 30 2021",Positive
Wow...grab d opportunity...,Neutral
"To everyone who is still following this post. We regret to inform you that we are postponing this event due to the recent onslaught of Typhoon Ompong. It is imperative that we put first the constituents who were affected by the typhoon rather than celebrate the tourism week. Rest assured that this will not be cancelled. For now, stay updated by checking the page every now and then",Negative
"I'm telling you guys Wag pakawalan ang Feelings,
Kitan u ni crush ko,
""Shilan-ded"" on my someone else's heart.

-Gutom lang ung nakaisip neto",Neutral
"Ay sana et d watwat, ntayon haha",Positive
Khala Ciadel Yapit bebe oh,Neutral
Ingat po kayong lahat,Positive
Congratulations to all the winners,Positive
Wow Apoli... Congratssss....,Positive
Amen,Positive
Kabataan ang pagasa ng bayan. Salamat SK La Trinidad.,Positive
"Proud of you guys 
Happy Linggo Ng Kabataan",Positive
Amen,Positive
dongban pasang at ngay? hehe,Neutral
Mayat mayat,Positive
Kelan po?,Negative
Yohooo! Push lng mga The Trinity youths :),Neutral
Kasatno ngay no above minimum wage earmer jay tao? Awanen cguro ti tumaray nga politiko . Ha ha ha,Neutral
Awan kadwa met,Negative
Amen,Positive
Mabalin ba outsider players?,Neutral
Balili po kaya for the youth.,Neutral
Blame the money greediness,Negative
"Franz Daryll ni, hybrid ka gayam inya hehehe",Neutral
Smokefree La Trinidad,Neutral
Prayers,Positive
Wow... congrats Jim M. Macadaeg and Dhenmar Badival,Positive
"ako po lactating mom at ang asawa ko ay taxi driver,,sana po kasama po kmi sa mabigyan ng tulong.,,botante rin po kming mag asawa at nakatira kmi dto sa skwat ng Piripin Bato .,",Neutral
congratulations,Positive
nice adu tao.. more lanterns nxt yr!,Positive
Condolence..,Positive
"Kudos to the SK Federation who is managing the search for Mr and Ms La Trinidad. We are happy that as young as you are, you are already developing your leadership skills.  However, kindly take note of the following observations during the Pre-pageant:",Positive
Sf2,Neutral
Wow  Congrats to all ! Congrats Madam Ate Grail,Positive
How about those who just came to visit and now they want to go back to their province?,Neutral
Sir ada ba agawid pangasinan?,Neutral
"For resisting the spaniards for centuries, for fighting against japanese... salute to our igorot ancestors. Theyre not much recognised in philippine history but theyre forever remembered by the grateful generations of igorots! Cheers!",Positive
"Yadah Mabini Casserine Dumpilo Shari Dicam oh kanya kanyang barangay. Balili, Wangal and Poblacion. Hahahah.",Neutral
Panga-asi hahaha,Neutral
Pwede ba LCD?,Neutral
Amen,Positive
Meeee please!!!,Neutral
Thank you for the info,Positive
Farell Arne thank you❤️,Positive
Good luck Frances Densen Gomuad ..,Neutral
Congrats beLoved BunsO. God bLess yOu mOre,Positive
Verlyn Teodoro Chester Red Sahoy Wilmer Tereng Pagcial Elynor Bangwa Esteban baka lang kayat yu?,Neutral
In the name of God amen,Positive
Thats Great,Positive
Bagtingan Ryan Jay Bryan Dave Nice one boys!,Positive
Close game Evan Kigisan,Neutral
"Our condolences to the bereaved family
REST IN PEACE APO CONGRESSMAN..",Positive
Mabalin ba jay led flat screen tv? Power supply samet,Neutral
Congrats,Positive
wew... sayang met,Neutral
Done pogi ❤ . Good luck,Positive
nu ada makin kaya dyta nga kandidato ah ket adi pay mayat aglako botos na ta uray haan kan nga mang man nama ti tulong na nu kasapulan ta nabayadan kan..ngem nu jai small amount lng with supot ket okay kan awn ah..saglit lng un n tutulong sayo..isu nga ti ibutusan tayo ket jai tao nga nam namaen tayo nga kya na tlga agsirbi iti tao haan nga isu ti pagsirbi an tayo..,Neutral
"Rest in peace ""Action man"",we never forget you! condolence t the family Godbless!",Positive
Ap Side Down,Neutral
Very well said.,Positive
Gem Chivaz Black uncle balili oh,Neutral
Condolence to the bereaved family,Positive
Congrats madam sir,Positive
"Please call on the PDAFs of your Congressmen, too.",Neutral
Yeah....,Neutral
Nice shots apo!,Positive
notify us pls for resched. thank you,Neutral
May He give strength to all those who lost a beloved,Positive
"hopefully,kahit sinong GM ang BENECO, IPA audit nya sana BENECO.garapalan na ang korapsyon.ginawa na nilang gatasan ang BENECO.parang ATM na nila BENECO.tayong mga consumers nganga sa taaa ng bill.matuloy Sana imbestigasyon ng Senate sa BENECO para mabulgar at mahinto na mga anomalya jan BENECO.",Neutral
Amen,Positive
congrats Hon. Engr. Badival of barangay lubas,Positive
"Congratulations Apols, as u r called n RTC, Br. 9. Keep up the good start in your political career.",Positive
Can a youth working in the  LGU office be allowed to join the contest?,Neutral
Congratulations,Positive
Condolence po,Positive
"We should learn that if we expect many tourist to come,we should be more responsible to add up some trash cans!!!",Positive
Ang sarap malego,Neutral
kailan start po to?,Neutral
condolence,Positive
Congrats anak Joey Clint Latogan and the other winners,Positive
what time?,Neutral
nice one Bro. ClintAtleb and Bounty fresh corp.God bless,Positive
SUPPORTTTTT!,Positive
Nice,Positive
Strawberry festival po,Neutral
Congrats everyone :),Positive
If need po install microsoft ginagawa nyo po?hp brand laptop,Neutral
Rest in peace sir... Condolence to the bereaved family...,Positive
A disaster waiting to happen.,Negative
Dave Shan Mr. Balili papanam pylang ngy,Neutral
Allahdin Banson Yaun hndi nakakatawa,Negative
Congrats♡♡♡♡♡♡♡♡,Positive
Des Siery Kiray Antonio anya?,Neutral
Congratulations to all the participants!,Positive
nagpudot nya? entau pay agpalammin jay windy hills,Neutral
Ayesha Hanady Fontanilla Jeselle Padilla Coroña Dan Kuengan patag ng mga kilala niyo,Neutral
Congratulations,Positive
"Hope to see you on Saturday, guys! :)",Positive
Do you accept shoes?,Neutral
Markangelo Camartin 18 under kanuhahahah,Neutral
Adi? Adi et adi garud jeje jok,Neutral
Congratulations Apoli Aspiras Bagano Jr....,Positive
Amen,Positive
Umayak,Neutral
Apaka galing naman bhiee! Libre mo na ko! Hahaahah congratulations Krystal Shane Baul Balubar,Positive
Me sir para maga mausar ubbing q here in cabanao balili,Neutral
Rest in peace sir. condolence to the Family.,Positive
Lorjane G. Aludos  Donatillo Jy Erica Kuengan oy f4 team balili,Neutral
Marie Danielle Hanna Kimyana mga artist,Neutral
Ledor Nnaj Pingalo kasali ka dto?,Neutral
Galing ng gumawa nito Danice!,Positive
Congrats to all of you,Positive
Poetic! Nag rhyme naman. Charrrrrrrrrr.,Positive
Balato Al Thea mng haha,Neutral
wow na wow sir congrats,Positive
"Good luck to all  teams, you are all winners mindset.Mantra",Positive
Jurin Jimenez fun run? Hahaha,Neutral
HAHAHAHAHAHAHAHAHAHAHA great example,Positive
witty talaga ni councilor Apoli Aspiras Bagano Jr.,Positive
Congratulations to the qualifiers! Kudos to the proponents of the program. It may help motivate the youths to excel more,Positive
Kelan po deadline?,Neutral
This is a very good project helping students learn.,Positive
Kneeka Kitma,Neutral
thank you very much for sharing...,Positive
Congratulations,Positive
"Commenting for Transparency of cash donations:
[As of 12:25 am November 14]
1,000.00 LMTic
20.00 JusMan
2,500.00 LACom
53.00 QuiGod
300.00 AgaJim
100.00 HilNam
1000 from Thailand",Neutral
...do indicate their respective Barangays for recognition,Neutral
Silver Nayusan Renz Kenn Balagtas Geron Paulo Butag Marlon Aranas  Japs Palaci sno han pay nakaregister. Tara na,Neutral
"Nice one, Kevin!",Positive
Wow ada cert mehahaha,Positive
Yes jay agserve t pagsayaatan t omoli,Positive
Congrats to all  players and caoching staff. Proud  ang alumni sa success nyu 2loy parin ang practise.,Positive
Congrats,Positive
Nenis  toyo  kyla  very  happy  tuo  you,Positive
Ding sna d2 din ah,Neutral
Haha cge maam..iananay mi piman 100k for the whole tourism week...napanen ti makan ti 50k hehe,Neutral
Myle Mael Miles wanna try?,Neutral
ay na wow..anya en ngay t bisyo en??aysus..,Negative
Fund po ba yan ng buong barangay Ambiong or allocated for  SK Ambiong?,Neutral
Basura! Basura! Basura!    Problema kahit saan!,Negative
"Maraming salamat po sa pagsagot sa tawag na makibahagi sa ating lipunan! 

It is unfortunate to say that we have exceeded the limits and cannot accomodate anymore as of 7:00 PM of November 27. Thank you to everyone. We will be posting the list later.",Positive
Jay anjan,Neutral
Great job,Positive
Congrats top 10,Positive
Lalaine Joy Lachica contact your team mates :),Neutral
Vedily Mejia sali kana,Neutral
Nayyyysssl,Positive
"For details, please read full post. For queries, directly message us. Thank you! :)",Neutral
Dota 2 G,Neutral
Bel Son Estepa Garcia  bloggers daw oh sige mansu!!,Neutral
"Dumi ng baguio ahh try ko nga mag bomb threat para umuwi na yung ibang mga basura i mean turista

Tama ba Rei González Steven Ian Dulay Justine Kate Napoli Tristan Ezekiel Chan Flores?",Negative
"Condolence to the family,May his soul  rest in peace congressman",Positive
Disposed properly their spitoon don't just scatter everywhere,Negative
"Kuranh t basuraan,  dapat inadado d ta amo d nga ado tao tdta, kn ada taga kolect t haan ksta nga naiwawara",Negative
"For interested bloggers: Meet us on Jan. 24, 2019...4pm at the LT Mayor's Conference  Room! Salamat! See you! :)",Neutral
Sir! Volunteer here.,Neutral
pwede papo ba  magjoin?,Neutral
Congrats sir silver!,Positive
Kenneth! gooooo,Positive
Sigurado sika manong Apoli Aspiras Bagano Jr. nangaramid dtoy hahahahaha,Neutral
Thank you ngem Mayat kuma nu kwa .  Nu Jr. kuma tani kwa. Ni tatang ko samet dyta kwa  Apoli Aspiras Bagano Jr.,Positive
Sales Ventura   your man dudes,Neutral
ayapo dakayo manen ti aglalaban dita tawang en Heidi Carias Donglasan Purok 3 Jhiki Paguirigan Purok 4 NiSan Jane Deligen Purok 2,Negative
Miss Universe,Positive
Manang Jes Guisdan Lauss ahem HAHAHAHA beke nemen,Neutral
"Bhevs PadillaKrayle PalayaoDaisy Lou intayon, painters hahahha",Neutral
"Yo Angelica Lei Gangpao Soriano, Marivic K. SalabatMarivic K. Salabat, Challyce Kiara Degsi. Pakatino na kau mga freen.  charrot.",Neutral
"We have already finalized everything last thursday but we will post all details on Monday, September 10, 2018. Stay updated by then and sorry for the inconvenience.",Neutral
Jay,Neutral
Ha Na Hannah Zchaira Sano ung suggestion nyu ba to?,Neutral
"Amin tayo kuma, agtungpal, dakkel nga tulong ken panag dur-as no agtitinulong, tulungan tayo dagitoy mangi man manihar iti daytoy nga pamay-an tapno makita tayo nasayaat nha resulta na, ket naragsak tayo  , no kuna da segregate, ag segregate tayo...salamat unay...MENRO",Negative
Salute to brave n freedom loving forefathers.,Positive
"Ay, special treatment for jowa hahaha",Neutral
Congratulations to you amd to your parents,Positive
Congratulations Pamela De Guzman Morales ♥️♥️,Positive
"Thank you, manong",Positive
Umayak!,Neutral
Kasano mnen Lorjane,Neutral
"Our deepest sympathy to the bereaved famiLy .. May your sOul rest in peace, Our Action Man of Benguet'   .. we would always remember and cherish yOur greatest heLp to us _ (kapangan municipality) .. Your Legacy will Live Forever sir !",Positive
Congratulations to all of you.,Positive
Hello po sa lcd po?,Neutral
Amen,Positive
awan uray bassit ken kayaten da ladta..  adu da gmin am ammuk nga taga baba(han nga amin ah nem adu am amuk) ket iyaw awidan da pay tpnu lng ada ma ala da..,Negative
Congrats ❤,Positive
Fredaline Zarate bka kasali  ta ditoy jejeje,Neutral
Myra Mae Estrada join na,Neutral
above threshold en dayta isunga dapat ag withold ti tax jai candidate nga mang ited...,Neutral
Wait awan met piman t kunana nga taga trinidad? Inbaga na ba nga which barangay in latrinidad.. or kunana to verify which barangay and hails from kibungan...,Neutral
DOTA 2 Jame Renza lezgo HJAHAHAHHAH,Neutral
Yes...lolo is saying his piece!,Neutral
Condolences to his family ❤️,Positive
Congratulations!!!,Positive
Any update po?,Neutral
Congratulations Joey Clint A. Latogan !!!,Positive
Aii. True,Neutral
too much.....,Negative
"Register by sending a PM with your names, address, and contact number!",Neutral
congrats bro Rocky Bañez! God bless,Positive
Rest in peace Sir . Condolence to the family !,Positive
Rest in peace po nd my condolence to d family....,Positive
Agasem ipakitam tlaga kinataer mo a balong.,Positive
Aden Ace LR intayo,Neutral
@God will Cover you to His blood shade on the cross calvary,Neutral
Congratulations Ayan Kzy .. palibre kan ah mcdo charr,Positive
"Nice, nakong. Show to Gordon that the igorots can excel too!",Positive
Oyy nice,Positive
Dakami ken Giovanni S. Banawa heheh,Neutral
Joshua Catiyan Janna Rio Cadiog Basinga leggo,Neutral
"Tickets?! 
❤️❤️",Neutral
i agree po...stay safe everyone....better abide....,Neutral
Francis Anthony M. Cabalar Fr. Balatbat pasok HAHAHA,Neutral
Hindi ba pwede cornedbeef hahha,Neutral
Go Ian Jade Watawat,Neutral
change keyboard,Neutral
Lcd po,Neutral
Harvey Antero Harvey Antero tara blog,Neutral
"Music Fest or Dance Contest kuma para kadagijay rising local talents  bigla nga naawan dagijay events ti dance or got talent ket sayang met nagadu talented nga youth ti LT. Dumayo da pay piman La Union, Pangasinan or Ijay Baguio tapnu mashowcase talent da. Baka naman po",Negative
Congratulations,Positive
Sad Hindi ako makajoin kaya pwede ba wag muna Hahahah,Neutral
Melyn Banahan Apilis isu gayam umadadu jowam a haha,Neutral
Congratulations,Positive
Done,Neutral
Nestor Sapino Cuilan II Narvaez Pjsky Nelson Estepa go na mga idolero .Alam Kung Bata pa kayo,Neutral
See yah manang Bornette Leano,Neutral
Htan Bernardez Legal iman abe  Mayumi iLan u sa,Neutral
Kung may school p n babalikan,Negative
Amen,Positive
sin singing pay en saken ta sure win...,Neutral
Richienica Visaya try mo,Neutral
Kkdat La Trinidad  Cordillera Leaders,Neutral
Apay ngay awan cabanao he he he,Negative
ayooo mo..nawadwad nga sardinas manen.ahehehhe,Neutral
Denzel Taplin master..tag mo na iba,Neutral
Yey,Positive
Klent Baucas Capdos Mr.Wangal HAHA,Neutral
Congratulations!,Positive
Wala pa dto sa vizcaya,Negative
Good job po. Thank you.,Positive
Kawawa kmi nasa baba.... Sinung mayaman may project niyan? Enya maaramd da dta capitol ngata nag inasidg da met dta project nga dayta. Actionan yan pls... Kaasi ti tao panggep ti project u.... Kasanu te action araramiden u dta ngay ta supurtaan mi met nga residnti dta baba... Or nu itoloy da ada kuma insurance me nga adadta baba apay amu u ti risk na dayta.... Ada eted da nga hauz n lot me relocation mi nu worst comes to worst cnu akin project dayta aya? Recently panunuten u napasamak ejay naga cebu...pls pls....,Negative
JC Quesara Alipio cyay ganen,Neutral
Dar Lyn Jade Darlyn Jade Lawa Manang baka kayat mo☺️,Neutral
Hello nag pm po aqhope mapansin nyo,Neutral
Nuxx congrats Lorjane Dan,Neutral
Congratulations Master mamaw Frederick Guzman,Positive
Naiara Bati-il sino ang sk natin?? Haha,Neutral
Let's go!,Positive
SonnyNelson Soriano Campos ito oh kung itutuloy niyo.,Neutral
Goodluck and God Bless Mr.and Ms.Shilan.,Positive
"ranzer buya,Rod Edison Buya apan kayo ag registration nu sept.7",Neutral
Congrats Apoli and to the federation.,Positive
kailan po ang deadline??,Neutral
Congrats Sk Fed Apoli!,Positive
CongratulatioNs La TRinidaD❣️,Positive
Han mt nga completo,Negative
Kailan po?,Neutral
We`re sorry if those are the things that caught your attention. We are sorry if the trashes are not collected early by the garbage collectors. We people of Baguio City will try to keep Baguio City clean but as a tourist I`m sure that you also have responsibilities that you need to follow as you travel to the places that you wanna visit.,Negative
Congrats!,Positive
Our condolences,Positive
Condolences to the bereaved family.,Positive
Leds Leds for you,Neutral
Hindi ba pwdng pti mga employees e matulungan dn.. Kc  ung mga iba no work no pay dn nman po.. Mauubos at mauubos dn po financial nla lalo na sa mga walang relatives jan.. So plss nman po lhat nman po sna ng nangangailan..,Neutral
go ltb! learn from baguio! b different from baguio!,Positive
"For now, keep shooting guys! :)",Positive
support support :),Positive
Paanu ung nagwowork ng trdng post na gusto umuwe po ng pangasinan.,Neutral
Sali ako,Neutral
Synlee Dangatan Gabriel Fianza Whooooooooooooo lets go dota 2,Neutral
Printer sana po,Neutral
press on!,Positive
Congratulations,Positive
May summer outfit po ba? Paki model po sana ni sir Jude,Neutral
kurang ti pagbasuraan,Negative
"Congratulations, keep it up!",Positive
Amen,Neutral
Geoffrey Canipas...ni alec  unkle..,Neutral
"Wow,,, congrats,,,,,",Positive
Keep up the great work smart man. ❤️,Positive
Good job,Positive
yes plss ahaha..,Positive
FF,Neutral
Condolence,Positive
JHENTRIX RAGUNTON  gasem,Positive
Congrats,Positive
Bawalan da koma ag ilako ngamin,Negative
"Please enlist your names by sending us a message with the Name of the Participant, Age, School, and Barangay. Enlisting ensures the quality of our program. Thank you.",Neutral
Pwede po ba laptop ng teacher? My laptop's screen doesn't turn on,Neutral
"As of 2:19, we now have 11,600. We will account each donation and post a report at the end of the day. 

Thank you! Please keep sharing this post",Positive
"Congrats, Champs",Positive
I sent you a message!,Neutral
"Old school games


CS 
Dota classic",Neutral
Maraming tourista din ang hindi marunong gumamit ng basurahan.,Negative
Ning Xi Brylle Buma-a intayoooo!!,Neutral
Kaway kaway haha,Neutral
Push Apoli haha gwapo tlga pag blur,Neutral
pubg capt.,Neutral
Gibea Calawa & Glory Ashriel Calawa you might be interested?,Neutral
Mae Abegail u must be safe mami. Luv u! Pray langs,Positive
Congrats Joshua R. Cadiogan,Positive
Pati barangay kuma naikarga,Negative
Our condolences,Positive
yahoo atlast... may magandang kinabukasan angbsports natin salamat sa mga nag sponsor ng ordinance.. mabuhay po kau,Positive
Nicole Sabawil Cayambas ayy nakitam na pards? Hahaha,Neutral
"Condolence,,,,,,",Positive
too risky for children!,Negative
Tnx for the support sir Apoli Aspiras Bagano Jr.,Positive
Chyne Leslie try natin?,Neutral
watching from NC-Kibungan.. go NC-La Trinidad.. go DTI Baguio-Benguet.,Positive
"Congrats Apoli Aspiras Bagano Jr., Madelyn Bosikaw Lucas and the rest.",Positive
Amen,Positive
"Kenneth Aroco, dytoy hehe",Neutral
Dennis Asiong,Neutral
Caesar bgat pay met gyam enlistment haha . inta for photo ken video,Neutral
Ambiong AWAN!,Negative
Jere Miah Jo Nalyn,Neutral
O my God ! Umakyat ang ABU NG BOLCANO..GALING SA TAAL.God protect the Philipines.,Positive
"mabuhay La Trinidad
..congrats sa mga winners",Positive
Meron po kmi..kso hindo n magamit nwala ung charger at hindi ko n po alam kung maoopen p..,Neutral
Join lahat ng s.k gawing freedom wall ung mural......,Neutral
Harold Dominic Maranes  tira,Neutral
So proud of you guys specially to you ading Jim M. Macadaeg❤️❤️,Positive
Thaaank you! ❤,Positive
"Wowww way to go my friend, Daniel  sana kasama na ako sa audience mo on ur next talk.",Positive
Congratulations Jones Llabres Inso. We are proud of you. Continue being humble. God bless you.,Positive
Congrats everyone!,Positive
"Lei, Zaly, Sachie, KrizzChane, Sire Emmanuel  mga ka OT   uno tournament  (OL)",Neutral
Bella Bonce Gadgad mng. Ahyna met ngy bagi tau ahahahahahaa,Neutral
Cngrssmn ngay keen governor?,Neutral
Pwede pa po ba?,Neutral
"God bless all the particopants and organizers! <3
Stay safe always.",Positive
Wow.congrats!!!Bert Aldrian Bragat Buera,Positive
Dan Kuengan uhoiii tiraa hahaha,Neutral
Nice,Positive
Amen,Positive
Apoli Aspiras Bagano Jr. ammok sika nang aramid dagitoy manong. hahahahahaha,Neutral
Joshua Luyaman Bucasan Cybelle EG inkayo!,Neutral
Wew nakasubmitak en jay gmail account un..haha (ulitek manen adi hehe ),Neutral
Alex Bryan intayo?,Neutral
"Our deepest sympathy to the bereaved family.
Rest in Peace Sir Congressman",Positive
Congratulations,Positive
ay was talo na akis,Negative
"Esports is for the Mind 
Sports is for Physical Abilities",Neutral
Bat walang basketball girls po ☹,Negative
Amen..,Positive
Atasha Faith Tara join tau,Neutral
Nice! Kailangan ba agala permit for this?,Positive
Sk t betag,Neutral
Up.,Neutral
Pubg pubg hahaha,Neutral
"Farewell sir, till we meet again",Positive
Your efforts are and will always be well appreciated. Thank you and stay safe ❤ SK Puguis ❤,Positive
Rocky Fermin tapnu mamati ak,Neutral
Bakit walang Alno? hahaha! ano kaya?,Neutral
"Congratulations boys, very nice play, all out mantra!",Positive
Ok,Neutral
Congratulations,Positive
Godbless to you all,Positive
may yoh stay true to this conviction even if the government moves to cover up wrong doings.,Positive
Rest and peace sir.,Positive
"Rest in peace sir ..
You will always be the ""Action-Man"" of Benguet 
Condolences to the bereaved family",Positive
APAY KASJAY . MAY NAKAAUTO LIKE NAMAN,Neutral
Can we get a copy of the proj. proposal?,Neutral
Irvin Gabol panalo,Positive
"Sir ako din po, pwede pa po ba?",Neutral
Condolence to the family ..rest in peace sir,Positive
"Our condolences to the family. Rest in peace Sir. We thank you for your great help to the province of Benguet. You are highly honored, you've done a lot.",Positive
Mmayat,Positive
Yes indeed the voise of new milinials and the next generations.,Neutral
Lesgoooo bebe Edrian Pacalso Fulgar  Fighting ✨,Positive
Godwin  Manuel go !!,Positive
I dont think it's part of culture it is more like smoking cigarettes or drinking liquor ...someone's habit or vice and lacks common sense and no sense of responsibility.,Negative
oo nga..,Neutral
Pls help us oh Lord,Positive
Kyle Mendoza.Congratulations bro,Positive
Danice Muñoz piniM ko n po address ko. Thank you #truelove #relationshipgoals,Neutral
thank you for the never ending support!  MABUHAY po kayo!,Positive
handak inayaban Zackery Kean Diaz,Neutral
Amen,Positive
Great!!! Thats the spirit.,Positive
Keep up the good works!,Positive
Welcome Baguio Trash,Negative
Hello. Need help po. HP beeping sound. Need po ng daughter ko for home schooling. Seeking your assistance! Thank you.,Neutral
Ayos ah mayat mayat..,Positive
Congratulations!,Positive
Hindi po ako maka tag. Bakeeeet?,Neutral
West Lay Bonbon oh ano na hahaha,Neutral
Bhenzel Elexis Yogayog Asa Leigh A. Gayaso banat manen HAHAHAH,Neutral
Paano po bag keyboard ang sira,Neutral
mng Sandra Lyne oh.for bj,Neutral
Sino po sk bahong?,Neutral
CONDOLENCE TO THE FAMILY,Positive
Ibaaaa!,Neutral
Sir mabalin ag pa sched?,Neutral
"olrayts! 
This is a FACT!",Positive
Congratulations,Positive
KABABAIN,Negative
Congratulations!,Positive
"good day po, adda student ko kayat na agawid diay viscaya. how po?",Neutral
Praying po,Positive
"Where to transact daw, MSWD ba? Thanks",Neutral
Congrats Se An!!!!! <3 <3 <3,Positive
May he rest in peace,Positive
#WeRiseAsOne,Neutral
Mabuhay SK La Trinidad,Neutral
Congrats team La Trinidad mindset.Mantra,Positive
"Congratulations, Daniel Balbin! ^^",Positive
Happy birthday Bm Jeston,Positive
Pashaaaare,Neutral
Jello Deguiom Ayaman dytoi ohh.,Neutral
Congratulations,Positive
good day po..pwede po ba yung reformat ng laptop??,Neutral
@clyde @jhomer sali tayun ah,Neutral
Congratulations,Positive
Happy beerday birthday sir,Positive
entau nu friday,Neutral
"Tin Dao-anis, sumali tayo. Hehe",Neutral
Sayang,Negative
Kidding me!!  Don't so much exaggerated..  Maga cna dwan,Negative
Rheynalyn Latus Julian Teofilo マ コン para more chance of winning,Neutral
grabe mix halo halo hirapa kulectahin pagganyan  kya minsan lalampasan nalang,Negative
the people around smokers  inhales more smoke than the smoker !,Neutral
congratz to the team!!!,Positive
daytoyen ti pyesta manng Dakopi Sarah Tomas Saliong,Neutral
Lao ☺,Neutral
Sa gov sino nanalo,Neutral
Thanks Sam De Guzman of The Grei Studios for this :),Positive
Congratulations  keep it up!,Positive
BENGUET PRIDE benguet people are so proud of you keep it up go go go philippines,Positive
Jairo De Vera Hensley Jacob de Vera Josh Dvr'Dg Leticia Palaganas de Vera Jose Mygene,Neutral
Fer Nie Ron nay baw ay botos kasin yan hahaha.imbag ta adi 6yrs..,Neutral
Congrats,Positive
"Congratulations to everyone!
To those who were not able,God has a better plan for u.Try again after 3 yrs.",Positive
"Silver Abag Pilo wow bongga ka.,",Positive
Condolences po,Positive
Silver Pelbino Abag Silver Abag Pilo congratulations,Positive
#Triggered Kalma lang. ‍♀️,Neutral
Are tickets still available?,Neutral
Eli Sha Luma-ang: for the twins.,Neutral
Dyta ahh galus lang ti bola isu hahahaha,Neutral
BeaLs sumali kan hahahaha,Neutral
cOngratz,Positive
Kasalanan yan ng mga taga manila hahaha,Negative
God bless everyone...and enjoy!,Positive
Congratulations,Positive
"Dnver Nelvic Cheska Russel Kuya James, who else? Haha",Neutral
"Mayat dayta kunam ngem haan talaga maiwasan, adu iti kasta nga botantes, kailiyan first..",Negative
Mikhail pre mukhang walang permit to ah noh? Apoli,Neutral
Salamat po..isupay nga pangastos,Positive
oo adi,Positive
Pa include po. 2 po kami hehe,Neutral
Condolence to the bereaved family.We deeply lost our action man in Benguet.,Positive
Sk La Trinidad please tell me is this FAKE?? or incase hindi paano makakakuha ng certificate of employment ang mga affected??,Neutral
Congratulations,Positive
Lendon Kian try u daytoy mga ading nu interesado kayo,Neutral
Mariel Goodluck,Positive
Marianne Angel P. Poyongan  congrats to you ading and kay marylle❤️❤️❤️ sanaoll po sa barangay BALILI,Positive
Happy birthday po.,Positive
Sha na nan kanan nan Apo MI ay Vince en grade 1 VS. Grade 6.,Neutral
Dennis Butag Maybe you'd like to send your students sir. :),Neutral
Phil health i.d po mabalin ba?,Neutral
Enilevoj Yalmot Klea Lizardo  Vkee Bannawe-Emingan paki like tapno lalab ko dakayo nga karkaro hihih,Neutral
Awan met dty,Negative
congratulations!,Positive
Eri C Kah oww,Neutral
pwede po ba ung Laptop .. Hindi po kasi magturn on salamat ..,Neutral
Normer Ringor,Neutral
Amen,Positive
kailan po ang deadline?,Neutral
Good luck to all of you,Positive
"Isa rin po ako sa no work no pay,",Neutral
"Our deepest sympathy..he may rest  
In peace..",Positive
congratulations po,Positive
awts gege tayu browh,Neutral
Sumaruno ba ijy Laoyan street ditoy Betag?,Neutral
Hazel Panilo Puyao Ginaryn Mar Ca  sumali tayo hahaha,Neutral
Condolence to his family...,Positive
sabog ka ata e kinangina ka,Negative
Mco Mico Jester Manioang itz ur time to shine,Neutral
Congratulations,Positive
Good luck,Positive
"wala pa nga pong bakasyon,  move on agad  maulawak samet ten sir!!! hahaha",Neutral
Is this open to all kabataan of barangay balili,Neutral
"Congratulations,God bless.",Positive
Lundgren Chayna beshy oh hahaha,Neutral
Ariahs Na Yab inta haha,Neutral
Congratulations mga anak!!! Keep it up. Keep inspiring other youth. Celebrate na tayo!!!!,Positive
Shanea Laoyan g team bahong?,Neutral
Amen,Positive
congrats leslie,Positive
"Whether GCQ or ECQ, 

1. social distancing must be maintained

2. crowd controlled market/grocery (if possible, scheduled padin) can/may be maintained 

3. delivery services must be improved (since dito aasa karamiha. Particularly grocery, food, electronic/office supplies",Neutral
Shane Salipio bka kayat mo ag inquire dituy,Neutral
condolence,Positive
"Congratzz, Apoli....and the whole SK Federation....",Positive
Mhaetd Rafael Gawiden Dragneel Gawiden  lets go,Neutral
tara oh. sunday ng hapon naman  I-Rene Ramos Aspiras Jessa Casabon Erejedor,Neutral
Marilou Saguidec madam ooh ❣️,Neutral
Kalkalpas lng po tadtay Just click po the page (discovery sport) If you want to hear/watch her po,Neutral
Congratulations to both of you,Positive
Vanessa Mablay Calderon wooot. eto na HAHA,Neutral
"Jeth Luyo,dis one ba ?",Neutral
"A mere picture can sometimes be biased. Add a caption that talks about details of this situation. Then let people comment on it.
Not saying that these acts of disturbing mother nature is moral. 
Its just that these post could do better and be more informative.
Good Day :)",Negative
Please DM this account- Jason Salbino Kidiatan. See you at the main entrance of the BSC Multi-purpose gym later.,Neutral
We will be posting the names of those who successfully availed!,Neutral
Congratulations to all participants!,Positive
Sf2,Neutral
Sooo heto na nga Mary Jennifer Malate Moltio,Neutral
"Condolences,po to the family of our Congressman.",Positive
Agasem Clarence for the win,Positive
2018?hehe,Neutral
Congratulations,Positive
Congrats.,Positive
Thank you so much,Positive
Is this for Basketball girls?,Neutral
Congrats,Positive
Korek!,Positive
Nice one Lay Dor,Positive
Gel Ni anya intan agpicture,Neutral
Maverick Perez CapunoAel Closer ano na??,Neutral
Dba Pak!   SK Brgy Tawang   keep it up,Positive
san po banda sa sto tomas poeh..thank u,Neutral
Me pls,Neutral
Trisha Cuyopan Ocampo Lhexzie Derilo Veralyn Lagunilla Ludaes itag niyo yung iba nakakilala niyo hahahaha,Neutral
Y8.com,Neutral
Viena Jelyn Fabia Farlee Martinez Macario Violet Amethyst Faith Ferdinand Fariñas Sapalong Faith Veronica Hammer Fall Faith Abalos IRene FaIth Paulyne Anne Fancote Nelson Falyao Ab-ab Jestelle Faith Lo Fasa Lhynne Facunla Gaburno Vhir Ghie Calgo Fabian Cxtian Ace Farnican Alexander Fabia Hanah Faye Hannah Faith Jimbo Fabrigas Rodel Yocmos Fangrayen Rafael Fianza Fagangan Jr. Fachreza Romansyah Angel Grace Reyes Fariñas Merry Christ Fabrigas-Balaki Sukil-ap Jimbo Fabrigas patulong po. Pa like and share. Thank you God bless,Neutral
Neophytes Eltnhs Beckel Eltnhs Beckel,Neutral
awan age limit na,Neutral
Awit naman,Negative
Condolence to the bereaved family,Positive
the best...,Positive
lets G,Positive
Our condolences to the bereaved family..rest and peace,Positive
naglaing Leny Binay-an... bughaw is the color..,Positive
"Blessed birthday, apo BM Hon. Jeston Balong-angey !!",Positive
Oooopppssss NO TO AUTO-LIKE PLEASE ‍♀️‍♀️,Neutral
Ricmar asan kayooooooo huhuhu,Neutral
"And it's a right that people fought for before, value that.",Neutral
Nice.,Positive
wag nang magsisihan.. wala lang tlgang disiplina ang mga tao ngayon. kesyo tourista o taga baguio. kwa kau nga kwa nga.. hahaha,Negative
waw iti babai nga han nga makurkursang,Neutral
Ric ^_^,Neutral
Devina Man-a Balan-eg tag mo da koreko hahaha. Wah support adi. Pubg pubg pubg pubg.,Neutral
Yes naman. HAHAHAHA. Congrats!,Positive
Our prayers to those who lost their lives n a strong faith for those heavily affected.,Positive
Dayta inado dan pictures mo a Phoebe Joy,Neutral
Happy birthday sir kas Anu asam mantawag mo enggay nasisi,Positive
Rest in peace .condolences to the family..,Positive
Ronald de Leon umay kau met kanu d2y hehehe,Neutral
Masdawak napukaw dyay post haha,Negative
Delete pag inamag Hahahahaha,Neutral
Smiley apo /kaanajan,Neutral
"Ages 15-30 , haha go go",Neutral
"Taga Balili Mamaga kaba?
agkaiwara  t tompra t momma",Neutral
It should be passed and approved on its final reading to be implemented the soonest. Thank you in advance and kudos to the authors,Positive
Jolina Dhonna Desiree Fiona Merliin Kaye gora na mga ladies,Neutral
..amen,Positive
BCNHS? Or BeNHS,Neutral
agpayso man sir Apoli..,Neutral
Congrats benguet,Positive
Amen,Positive
Amen,Positive
Congratulations Jay-r Catalino,Positive
Jennie Belle Manuel San ka dto??,Neutral
Thank you sa help..We already sent message po...We really need your help,Positive
Hoy May Anthonette sumali ka!!!pls combi ssuportahan kta,Neutral
Jiean Sembrano,Neutral
Philip Ngadiman haja,Neutral
Apy ngy gayam nga 5k price ti singing tapos 2k lng day dance piman ?,Negative
"Count me In, Atty.",Neutral
Thanks sir Clint Atleb in behalf of Bounty Fresh.. Ada mainayon para meals ti Frontliners tau...,Positive
Nice!,Positive
Congratulations,Positive
'CondoLenCe To d FamiLy ..,Positive
Pa share naman po sa page nyo.,Neutral
sis para ba yan sa mga student na college,Neutral
Ma'am/sir ilang players po ba sa isang team?,Neutral
Go Sheryl Joy Sacla!!!!,Neutral
Daryll sumali kan master,Neutral
Zhaila Baguinsa Fabro  Try mo kadi,Neutral
Congratulations Hon. Renato Boyet Tereng!,Positive
"qualifications and passion to serve your constituent not only those you prefer and high prominent people , goes hand and hand.Service is a gift ,to serve...words with action...not position.",Neutral
Congratulations!,Positive
nakow hahaha,Neutral
When is the deadline,Neutral
"Condolence to the bereaved family,,",Positive
nice one kuys Kyle❤️,Positive
Bat ganun? HAHAHA naka-auto like?,Neutral
Ikan u adi iman ti pagsaya atan,Negative
. rest in peace sir. Condolence to the family..,Positive
Amen,Positive
"Daytoy koma jay apan mi buyaen tattay ngem haan kami natuloy gapu ti bagyo na. Mayat koma nu maulit nu Strawberry Fest.

Kudos to the organizers and the brave participants! ^^",Positive
"I agree, meron po yata talaga hindi marunong umunawa ng dalamhati ng iba... kgaya po nito, nkita ko lang po sa mga posts:",Negative
R.I.P sir thanks for the great service .,Positive
Rhenuel C Ordoño  Anya ururayem pailang ngay??,Neutral
Congratulations to all the winners. To God be the Glory,Positive
Congratulations to both of you,Positive
amen amen amen,Positive
Sir pa sali po,Neutral
Kerubeen ikko mye.  sabado,Neutral
How many participants were there?,Neutral
Pa reformat po sana ng CPU... Sa trinidad po.,Neutral
Arjay Bacasen Marasigan ag ayab kan kadwm,Neutral
dua gayam ti brgy ambiong. All i know brgy ambiong ket baguio.,Neutral
Colleen kitam,Neutral
Nice hair Jason hahaha,Positive
Hello po....jay ngay agpasempa t laptop... Kasi masapul maupdate laptop anak ko ngay?tapno mausar na ....salamat po,Neutral
"Goodpm  hoping adda update no rugian dan ag iwaras t form tapnu ammu  nu apan siputan jay ruar balili kmi, or nu sapul b agpalista jy brgy hall?",Neutral
Hooo College kuma,Neutral
Ni api dua gayam tadta ti Ambiong aya? Kunak nu Ambiong La Trinidad lang??? Hhhmmmm,Neutral
HAHAAHAHHA! pigsa trinidad ya,Positive
Congrats everyone! Thank you Jason Salbino Kidiatan for taking charge of this year’s Interbarangay Volleyball,Positive
(c) Luis Suclad Morales,Neutral
Good to share to remind the  madlang people ta ada makaliplipat,Positive
Wat Do Yu-Min sali ka na bro,Neutral
uncLe jokes,Negative
Condolence po sa family fongwan,Positive
"Thank you very much, at your service apo...",Positive
last year had parade too,Neutral
Naks! Congrats youth and kuya sir Bud'z Simpatichnaya Chivaz,Positive
This program is so nice!,Positive
"Pa dalos ngay jy internal ti laptop.,  mabalin po buh.,",Neutral
How to rgster po?,Neutral
Congratulations Team La Trinidad,Positive
MA RK,Neutral
Cousin at Baguio is that u?,Neutral
"A quest for freedom wherein a massive development should have taken place after, however, it was the exact opposite.",Negative
"To everyone, thank you po!",Positive
We will pray for you that God will protect you and bless your strength.,Neutral
"Janrau hajay sked mi gayam, pakireserve bro, salamat",Neutral
certainly a productive activity!,Positive
"kanino ba yan?marami apektado jan it will cause big landslides all over sapay ado babalay dta baba ,kabutbuteng just imagine saan papunta ang tubig pag tag ulan pababa lahat.",Negative
A little sympathy to those in tragedy and be thankful that we were spared...,Positive
",amen,keep safe everyone",Neutral
"sir James, see you around",Neutral
League of Legends - Philippines,Neutral
Amen,Positive
Condolence to his Family,Positive
I woww...,Positive
"If simple application/ troubleshooting lang kailangan, I can do it remotely for free as long as my internet connection kayo (y)",Neutral
WOW!!! Naman sana all!!!! SK's.,Positive
Condolence to the bereaved fam...,Positive
"ONE FOR ALL
ALL FOR ONE
#WeHealAsOne

WHAT:WEBINAR on Personality Development + How to become a winner

WHEN: June 21,2020 @1pm Sunday (Ph ⏰)

Calling all INTERESTED
‍♀️Youth/Children in the Universe.
‍♂️Students(Elementary,High School, College)
‍‍‍‍‍♀️
Associations/Organizations/Sectors(Seniors,Womens,farmers,BPATS,BHW,Tanods,Co-workers,Teachers).....
and many more......

You are cordially invited to attend our 1st-ever WEBINAR on my YOUTUBE CHANNEL

How to Register:
Pls.Click ""Subcribe""with bell on my Youtube Channel,then like the Link,Comment your name and Pls. Confirm with your msg. ""I'M INTERESTED:
Or you may register
https://tinyurl.com/yd5cz7y8

REQUIREMENTS: Malakasang Wifi+Pen+Scrap paper or Notebook)

With FREE E- CERTIFICATE for those who will start &end the session on-time

Plus.....
10 or more lucky winners of 100.00 eload(Sponsored by AnakHeartLand%Mitz

Thank You and see you",Neutral
Congrats to all the winners!,Positive
Error po yung Link,Neutral
"Kelan po kaya kayo mkakapagbigay po ng form dto sa balili,stonehill po? Pra po alam po nmin at maabangan. No work no pay po kmi dto tsaka ni isang beses wala pa kmi natanggap na relief goods",Neutral
Jobless koma Abe Yan iyaan u chance da makasaa no mabalin Apo ta adida sepsep mauwat cxa,Neutral
Bantol Mhyrick Gal suppowwwtttt  !!!,Neutral
Goodluck Brgy. Balili both of you will win the Gold..,Positive
"Wow, congratulations!
BSU-SLS alumni, enough reason for the department to stay for many many years.",Positive
go go go Suvea....Good luck...,Neutral
"BENECO will be ours, fellow youths, and who knows one of you will become it's future BOD or GM, are you willing to be robbed, your future and your children's heirloom, because of these pretentious political elitists and tyrants?!...

let us learn from their mistakes (not imitating) BUT, learning and doing our best than them...

BENECO is always owned by MCOs and it's future children....

let us not be passive bystanders BUT active partakers to fight for what is right and true!...

#ProtectBENECO",Neutral
Considered duplicate po ba kapag for example yung ate eh nakakuha ng SAP tapos yung kapatid eh nakakuha ng SBWS?,Neutral
Charlie Bayag-o Lang-odan  Hellooooo HAHAHAAHA naey,Neutral
no need Birth Certificate,Neutral
Roland Goron psst lets go latur ? haha,Neutral
What day po open yung office?,Neutral
Go go go mother May Ofelia Wakit Bugaling... Este sa anak pl.,Neutral
Its so sad...your gone but your memories will remain in the whole country...rest in peace..,Negative
"Done, good luck balong",Positive
Congratulations,Positive
Sir Arthur Calvin Vargas oh dagijy sursuruam bball,Neutral
"Myat nu ada mt nka bhag nga nka kadang kadang ah b4 j finish line,,hehe",Neutral
Is it okay to place statistics as long as references are incorporated po? Hihi,Neutral
Ang Pretty :),Positive
Im so interested dun sa may adbokasiya part! :),Neutral
walang 22 above sir/maam?,Neutral
Joralyn Rivera Sali tayo?  Poblacion HAHAHA,Neutral
salamat po.....kinuha nyo na laptop na marerepiar...God bless us all,Positive
congrats SK Poblacion for your continuous activities for the youth!,Positive
Co gratulations...,Positive
Limar Tictic Kisse sali tau,Neutral
How po?,Neutral
Nicole Bangwa Gumpad  ni kogs,Neutral
Daniel Jason Maches keep it up,Positive
Congrats,Positive
Boy Ra-yaj Malannag nakabiruk kan ba?,Neutral
Suvea..good luck,Neutral
Banig Youth Organization - BYO,Neutral
"Kharen Khate Ramel CanlasAguyen, tapos ka na?",Neutral
Ang ganda!!!,Positive
Thanks for the response. I believe there are more activities that can be done with those funds,Positive
Dods Zkiy Kjell Holman ag ayab kayp kadwa u 15-18yrs old lang met gayam haha,Neutral
Pansin ko ung LIQUOR parati na caps lock.. ✌️,Neutral
Wow...!!!!congrats!!,Positive
Condelence po..,Positive
Me me me,Neutral
Congratulations,Positive
Count me in,Neutral
Erica kasanu,Neutral
Congratss,Positive
Prayers are to those who lost their lives and properties.stay strong,Positive
I agree sir! It might be extended as well.,Positive
Amram Bhea Ecel Sab-it Mna entau,Neutral
Keep safe bro...,Positive
"kasano ngy apo jay laptop gamin ngy ket kasapulan kano ma activate karo na dagijay ms word, ms pp, etc. han kami maka type/encode .. salamat apo..",Neutral
Good job!,Positive
congratzz! mga idol,Positive
Rip p,Positive
Kept on prYing ...God.Bless,Neutral
Devina Rhonalyn pubg hahahah,Neutral
Harold G. Allasiw Ayan artiiist,Neutral
Guiller Galwan Zach Inso,Neutral
"Rest in peace po... 
Condolence to the family...",Positive
Perfect  hope for you success kaanakan,Positive
"Kailan Kaya kmi makakatangap Ng 1st wave to 3rd wave,solo parent pa naman.sana matapos na tong sakit na to at mag back to work na KC zero balance na tlga..",Neutral
Godbls u all and take care,Positive
Kasano dagjy family nga member t 4ps ngy? Isuda b t priority?,Neutral
"wow itogon,kabayan...do your best...",Positive
"10-Venus ""Goddess of love and beauty"" join kayun guyd",Neutral
Joshua Aaron Beray Kristoffer Leygo,Neutral
Congratulations,Positive
Its called Panag-rikna ken Panag maymasa. ❤,Positive
Congrats Freachel Compalas,Positive
Condolence,Positive
Ay hanpy nalpas?,Neutral
Beep me up incase need da help t installation.✌️,Neutral
Higher kuma,Negative
kudos to all of you mayat dayta nga napanunut you,Positive
We know our youth are smart and wise enough. God bless and thank you for your support.,Positive
Height ng model?,Neutral
Rest  in peace our congresman province  of Benguet!,Positive
Congratulations,Positive
Clarence Morales..wow  guwapo ah insan.. bring home the TITLE,Neutral
Congrats everyone,Positive
Update for balili sir?,Neutral
Mabuhay kayong lahat... kabataang La Trinidad...,Positive
Congratulations po!,Positive
Congrats,Positive
Kapoy t  tourism.t Bagyo kurang t basuraan Ken awan t aglinis Ken agkulekta ayay uray Kuma no ado t basuraan,Negative
Trisha Mae Manuel ano?,Neutral
congratulations!KCP'ians,Positive
OMG LETS GO,Neutral
Congrats!,Positive
"Basketball, volleyball, badminton, chess and other board games",Neutral
Chelle Paclos Posawen meron ba sa barangay natin? Hahaha,Neutral
Kaanu daytoy mam sir?,Neutral
May you rest in peace our beloved Congressman a true public servant. Thank You very much for your great service to the province of Benguet. Your legacy will live forever! Our condolences to the family,Positive
"May God grant ur loved ones peace and harmony.

he is now in a better place with no pain and sufferings.",Positive
from Malamig to Mainit na weather...,Neutral
Condolence to the bereaved family..,Positive
Cath Leen sumali tayu? Char hahaha,Neutral
"wow, congrats alladin banez.keep it up",Positive
"We have updates for our online registration. Check it out!

https://m.facebook.com/story.php?story_fbid=2182811698642628&id=2073308142926318",Neutral
Dapat koma...not by tribe or kailyan. Dyay makatulong kadatyo ken mapador as karkaro ti ayan tayo.,Positive
"Thank you very much for everything #SKLaTrinidad specially for having us ❤️....
Matagotago taku am-in",Positive
"Naol

 Buti pa dyan.. dto sa Amin Wala",Positive
"AYOO SAYANG....
Hanak maka apan....",Negative
Congratulations!,Positive
Please enlist your names by sending us a message. Enlisting ensures the quality of our program. Thank you.,Neutral
Majoy Mek-eng Umoquit wayyy to gooooo beb !!,Neutral
yehey waiting po,Neutral
Congrats,Positive
"Magsitabi kayo, ako na",Neutral
Amen,Positive
Thanks so much for the early information,Neutral
Congrats top 10,Positive
Amen,Positive
Go csac~,Neutral
Siputan u lng spike ni Polon ti sablan hehe,Neutral
Up.,Neutral
Tama...,Positive
Harvey Antero Harvey Antero apan ka?,Neutral
Amen,Positive
ow congrats batch mates ❤️,Positive
yiehey.,Positive
Zaldivar Acodesin sali tayu,Neutral
Gemays Bagtingan Ryan Jay credits mu,Neutral
Mabalin b j han agpakita t screen na.. block lng ngem ag on?,Neutral
"way to go our pride of La Trinidad! God bless you both on your endeavors! manang May Ofelia Wakit Bugaling, isuna dyay anak tau inya nga active metlng ti gsp?",Positive
Jerrick Demetrio Castillo ikaw na to vebs. Push!,Neutral
Congratulations manong John Botiwey,Positive
Balili La Trinidad,Neutral
Joey Clint Latogan Siyak Ni Kyle gooo,Neutral
Pubg mobile,Neutral
Congrats manang Mary Kris Dauz,Positive
"Correction: May 5, 2022",Neutral
Zandra Lou Ricaroz may naala lng ako hahaha,Neutral
Congratulations!,Positive
Congratulations!!,Positive
Awan ti darts?,Neutral
Goodluck to each and everyone!!,Positive
Mga kunwareng nagaral daw.,Negative
Printer kuma sir. Hhehee,Neutral
Goodluck en Godbless Cedryck Ulep,Neutral
Hello po ..damag ku nu nya oras agrugi contest?..thanks..,Neutral
Haan aya nga jy Bayan Park gamin iti aw.awagan da nga Ambiong iti Baguio?,Neutral
thanks so much pres. Apoli,Positive
Kaanu next sched? Sakto met awan tau dta trinidad.,Neutral
Joel Malannag Jeronn Espital Ba-oy Lily Lily Epi Ryle Jeanne Rillera Liwan . game en a,Neutral
Sapay kuma ada mit volleyball,Neutral
Wpii woii,Neutral
Measha Valerie nag apply kan?,Neutral
Our deepest sympathy to the family...May His Soul Rest In Peace ..,Positive
Lhean Dhear Algen Kollin Ray Kharlo Abellera Leyner Cayat Calis Jhonry oh dytan agsubmit kaun ibga u idjay da kakdwa u pay nga daduma,Neutral
congratulations,Positive
Cl Y De baka naman❤️,Neutral
Idul Irish Sano-an,Neutral
Dota 2 hahaha,Neutral
I think this has potential. It’s a good way to get the not so sporty ones involved met.,Positive
Matt Fuentes  sali tayo,Neutral
damag k man t sk komusta ngata diay cash 4 work m idi nga sag tetenday ko adi december maala m tatts kma nga alan m t awan gatang mkan damag k lang ah he he,Neutral
Rinsha Rosamb go girl,Neutral
Congratulatiooons !! Top 10,Positive
Congratulations,Positive
Condolences,Positive
more power sir.,Positive
"true po dayta ta ada naibaga nga masapol botantes ka pico sa ka mkaala relief goods kuma dj da adaan haan dn mkiala haan mt ta maysa d py kin kuma no kastoy mt ah nga pasamak kit panakaawat, ayat kin tinnolong kuma mt t aramidin tau iti pada nha tao",Neutral
Wala din SAP form sa Ambiong house to house pero wala nagpunta samin ngtanong din ako sa brgy hall wala din paano po makakapag apply,Negative
Abahhh...cge support lang tau,Neutral
mano ba tawen na ni congresman fongwan,Positive
Amen,Positive
Hahahaha truetrue,Neutral
How to join po?,Neutral
Congratulations to all of you... To God be the Glory...,Positive
We need tourist nman to buy or avail of our Baguio products kaya dapat paghandaan ng local government natin ang month na pagdagsa ng mga tourista. Employ more Baguio folks nga agdalus ken mangsukat ti garbage bins ken deploy more police officer nga agbantay ken agtiliw kadagiti mandurukot. :),Positive
SINO PO MAY GUSTO NG SARDINAS JAN?,Neutral
Long overdue and about time.,Positive
happy birthday your honor,Positive
Please pkilagay ung phone number po,Neutral
Congrats congrats,Positive
Age bracket po ma'am/sir,Neutral
kas ano babi Nicole Nicole-nicole? hehehe,Neutral
Thanks for this bro Ledor Leds :),Positive
Amen,Positive
"DEADLINE EXTENDED!

To accommodate more participants for the Logo design contest, participants may submit their entries until November 18, 2021! Please resend your entries to valleyofcolors2601@gmail.com

Thank you!",Neutral
These will be a great support to every athlete we have that can be emolated by others,Positive
Congratulations Maryjoy Umoquit ♥️♥️,Positive
Reason po? Bat Wala?,Neutral
san ung BenHs main HAHAHAHAH,Neutral
Good afternoon po Awn po na availble me nga seeds po..,Neutral
Rayguil Palitayan yey♥️,Positive
Congratulations Alister,Positive
Kara Joy so cool!,Neutral
AWWEE. AYUU KAASI KMI MUUU,Negative
"Let's us help fix all that was damaged, help those in need , 
""kayang-kaya kapag tulong-tulong"".
 God Bless SK La Trinidad, 
In case of help just post announcements.",Positive
Gelise Estoque Siadto Alexis Antonio Payangsi tara ba sa kwan basketball and volleyball forda time lapse sa PE?,Neutral
Dota 2,Neutral
Rest in peace our beloved congressman ...,Positive
Kindly add me..volunteer here sir,Neutral
GAGAHAHHAHAHAHAHAHAHAHAHAHAHAHAHA its a prank,Neutral
Condolence to the bereaved family..,Positive
Congrats!,Positive
Brian Doctolero Canay biruk ka kadwa haha,Neutral
Jilianne Kaye intau atee HHAHA,Neutral
Include SSS..Philhealth..Pagibig..Insurance...,Neutral
Dapat may signage NO LITTERING or BAWAL MAGKALAT....,Neutral
Nice nice,Positive
Yes!,Positive
kay,Neutral
Maikel Jon IceLycan Villanueva Jerahmeel Faith Orduña Foust Josh Orduna Garado William Garado,Neutral
Sheena Esmael Bonbon awan lang HAHAHAHA,Neutral
ff,Neutral
Cath Lea Gonsoden kayam daytoy girl hehehe,Neutral
"#WasteSegregationTrashbins ♻️

✅Made of HDPE
✅With U.V. Stabilizer for protection in tropical weather
✅Compliant with D.E.N.R standard
✅Biodegradable, Non-Biodegarable, Recyclable
✅Infectious, Compost, Medical
✅Eco friendly and long term use.

For product orders and inquiries.
Call us at 09324174123/09278864534
Send us a message on our Facebook Page:
https://www.facebook.com/saiyisonlinestore/

#SaiyisOnlineStore #hooded #wastemaster #trolling #roller #rolling  #footpedal #pedaloperated #wheels #colorcoded #StandFrame #metalframe #trashbins #supplier",Neutral
Thank you,Positive
"From my family,Condolence to the Bereaved Family,we will miss you uncle,,from Comila Clan",Positive
Condolence po...,Positive
Amen,Positive
Ayun oh! Congrats to our engineers,Positive
Praying,Positive
goodnews sa mga mahilig sa sports....,Positive
It should not be there... After all..all communities around it is in danger....,Negative
Exciting!,Positive
Kunak nu ag-orange.en ti uniform mu hehe push  for the better youth Apoli,Positive
Jent Rex Collin Maverick Perez Capuno Clyde Daryl Copero yan na oh tyo tyo magclassmate hehe,Neutral
Ezra James Ocden bes.. This oh..,Neutral
naaakss!,Neutral
Good tapno washout ni covid,Positive
Our deepest sympathy..rest in peace sir.,Positive
Gabe Sison inta agkape. Hahaha,Neutral
"Jason Salbino Kidiatan beke nemen...hahah,.",Neutral
Done Ricky Marcelo,Neutral
"Always remember ""ayaw ko ng kurapsyon"" kung hindi p________________
Good luck ading!",Positive
True!,Positive
May-an Ogackan woy manang. Baka naman,Neutral
Pwede po ba magregister ang turning 18 next year? Or Not?,Neutral
Ta U Lom,Neutral
Garreth Paul Abad Jose Gascon Brent Jay Santiago Marc Wil Son agayab kau pay intau ktd,Neutral
"Great! This could be so much helpful for us as a student. 

Jay printing la unay ta hanko ka alaan ag bas basa thru phone. Sapol naka print",Positive
Yvonny Pesase Cath Lea It-itan Villanueva let's go? Hahahaha!,Neutral
Good!,Positive
Thank you for the info,Positive
Such a great loss to the community. He was my classmate in high school and our class president with good leadership skills,Positive
"Sunshine Jennilyn ai ai. nasan na ang comprehension? ‍♀️ 
Very clear naman ung article na nabasa natin. ‍♀️",Negative
Kilalang kilala ko nagcaption nito.  Ni Uncle Mabini.  Ay baken siya?,Neutral
ate ako hah dont forget me,Negative
"Go go go,  exercising the ""binnadang"" tradition..well done! SK of La Trinidad.",Positive
Is it possible for Baguio residents?,Neutral
Wow nice for improvement para madisiplinaan tayo pangep ti panagbasura.cooperation surely lead to succes.go go la trinidad to be a model.,Positive
Thank you SK La Trinidad!,Positive
Condolence po❤️,Positive
thanks for info,Positive
Ingat kayo at mag dasal!!,Positive
Congratulations,Positive
Congrats Silver!! With the first ever Ibaloi Novel. ganern!!,Positive
mabalin pay ag donate ti clothes?,Neutral
Ganda2 mo jan SK soulmate  Jason Salbino Kidiatan,Positive
mayat dayta...,Positive
"BEWARE!!

Mag ingat sa taong ito. Siya ay korean national na naghahanap ng pinay sa baguio, pero may asawa at anak na siya na nasa Canada. Un nga lang dapat may mapanagasawa ulit siyang pinay para patayo niya dito ung illegal business nila

Pero ang masaklap doon masyadong manyak si kuya korean, hilig niya ang makipag manyakan lalo na gusto din niya ung may mga asawang pinay na,, paano ko alam kasi ung pinsan ko ex yan nalaman namin ung balak niya nung naging sila na at nalaman din namin sikreto niya nung lalong tumatagal in short gagamitin ka lang niya para sa illegal business nila dito sa baguio. Ngayon bumabalik nanaman itong si ugok na korean sa pinsan ko, kaya mag ingat kayo dito kay kuyang korean. ang modus niya ay kailangan niya mapangasawa ng pinay para sa illegal business nila. Take note! Panakot pa niya na sa software expert daw siya. I dont care!  di pokpok mga babae lalo na dito sa baguio kaya wag kaming mga taga baguio utuin mo.  Take note marami din siyang fb kasi kailangan mapili niya sino magiging kabit niya dito sa pinas. 

https://www.facebook.com/ryan.ghost47

Nagdeactivate na yang koreanong yan ng fb kasi may taga sabi siya na nandito dn sa baguio pero nireport na yan nagtrabaho daw sa amazon software!!! Wa pake ui!!",Neutral
congratulations!,Positive
Agaseeem go Alapang !,Positive
Leonard Basilio Joemark Tacio Chester Banisa,Neutral
Kojie ni rhyza kuma manen hahaha,Neutral
To everyone who is still following this post. We regret to inform you that we are postponing this event due to the recent onslaught of Typhoon Ompong. It is imperative that we put first the constituents who were affected by the typhoon rather than celebrate the tourism week. Rest assured that this will not be cancelled,Negative
CG:GO!!!,Neutral
Congratulations,Positive
Oregienal Encapsulation! Go na a! Pakita mo galing mo sa lahat.,Neutral
"""..and Planetary HEALTH"" po dapat yung sa theme, na typo po ata.",Neutral
Wow,Positive
Franklin Clifford Manalo itiram man kanu ta ada mangirepresent t Brgy. Alapang,Neutral
Application form for incentives program:,Neutral
Congratulations!,Positive
"Maura Garoy, Willynia Balictan Cutiam pwede ba tayo mga ate",Neutral
Erwin Jake HEHEHEHEHE NAYUNAM JAY IN MINE MO DI KALMAN,Neutral
"WOW!  i've already read it.. so funny but realistic and fantastic! 
#tagos sa puso! 
# i cried on the last part po!",Positive
The reason why Japan is better than the Philippines,Negative
Gen Dino Lumiib  dtuy manang,Neutral
CONGRATULATIONS BALILI!!!,Positive
Congratulations kadakayo amin,Positive
Great initiative!,Positive
Charlene Colte Alcos Way-as   y not..,Neutral
Will all the Barangay SKs be presenting today ?,Neutral
"""must not let the light of justice and the rule of law go dim""... That part!!!",Neutral
"Sana po mapansin nyo rin na may mga taong nakatira dito sa boundary ng Paltingan, Ambiong road La Trinidad. Wala la ho kaming natatanggap na relief kahit minsan.",Negative
Brooklyn Kate BalakiNita Tulabis beke nemen hahaha,Neutral
May available slots pa po ba ?,Neutral
Allen pwede ka dito... Hehhe.. Sali kayo ni Lebron... Hehhehe,Neutral
Dapat po magtayo po kayo ng overpass sa tapat ng tiongsan sa palaengke at sa km 6 sa town po para mabawasan qng traffic dito sa trinidada,Neutral
Ibag yu ta basura yu.. sa yu ibasura nu ada makita yu nga basuraan apo..,Negative
Congratulations,Positive
"A great effort at encouraging young athletes!  Love the background picture, btw!",Positive
Diane Joselle Dpyso naka register ka b?,Neutral
"Comments or request:1. For the hosts to be prepared with their part. How they deliver their part has a strong influence on how you will view the pageant- formal event or informal, how the audience will react....There are better ways of soliciting applause or appreciation from the audience. Please dress appropriately; 2. Please strive to do equal introduction for all contestants, i.e. if u give an intro to one, pls do for everybody; 3. We hope that you will lessen dead air during the coronation; 4. Please be more sensitive, do not post photos which are not good takes, etc....We look forward to  better running of the coronation night...... Go SK!",Neutral
condolence po sa pamilya,Positive
"corrections po sa mga names, with Jr. po yung kay William Dao-ig. hehe",Neutral
Wow,Positive
Bukas pa po ako ma-liligo. Antok na ko eh.,Neutral
pareformat po ng cpu pwede po ba? badly needed po for home schooling ni junakis,Neutral
Congrats Jim and Dhenmar !,Positive
my gosh! Janine Balao okay ka ba?,Neutral
Sir volunteer here. Tnx.,Neutral
"Even with one of the least budget, there are more we can do with the least that we have  we appreciate your many efforts for the voluntary activities youth of Bineng",Positive
Rho-an P. Ogackan bat wala ka ditu? HAHAHAHAHA,Neutral
Thank you  for supporting our beneco,Positive
Salamat sa tag sir Jason Paolo Telles at pareng Rey Lacaden. Hahaha,Neutral
BASURA mo BITBIT moTULARAN any 100 ISLANDS❤,Neutral
Baka na capture cctv?,Neutral